Imię,Nazwisko,Numer Indeksu,Średnia
Tadeusz,Nowakowski,1112,3.80
Karolina,Kowalczyk,2223,4.40
Rafał,Grabowski,3334,2.30
Kinga,Mazurek,4445,2.70
Łukasz,Krawczyk,5556,3.10
Natalia,Kaczmarek,6667,4.50
Grzegorz,Piotrowski,7778,4.90
Wiktoria,Jankowska,8889,3.30
Artur,Mazur,1,2.80
Weronika,Sobczak,1112,4.20
Tadeusz,Nowakowski,2223,3.50
Karolina,Kowalczyk,3334,2.90
Rafał,Grabowski,4445,3.00
Kinga,Mazurek,5556,2.30
Łukasz,Krawczyk,6667,4.80
Natalia,Kaczmarek,7778,3.70
Grzegorz,Piotrowski,8889,2.50
Wiktoria,Jankowska,1,3.60
Artur,Mazur,1112,4.10
Weronika,Sobczak,2223,2.90
Tadeusz,Nowakowski,3334,3.20
Karolina,Kowalczyk,4445,4.30
Rafał,Grabowski,5556,2.80
Kinga,Mazurek,6667,3.90
Łukasz,Krawczyk,7778,4.80
Natalia,Kaczmarek,8889,3.60
Grzegorz,Piotrowski,1,4.30
Wiktoria,Jankowska,1112,3.10
Artur,Mazur,2223,4.00
Weronika,Sobczak,3334,3.70
Jan,Kowalski,1234,3.70
Anna,Nowak,5678,4.20
Michał,Wójcik,9012,4.30
Katarzyna,Wiśniewska,3456,2.10
Piotr,Kamiński,7890,3.50
Agnieszka,Lewandowska,2345,2.80
Marcin,Dąbrowski,6789,4.40
Monika,Zielińska,1239,3.10
Tomasz,Szymański,5671,2.50
Magdalena,Woźniak,8901,4.90
Jan,Kowalski,4321,3.20
Walter,White,6666,2.70
Michał,Wójcik,2109,2.00
Katarzyna,Wiśniewska,6543,3.40
Piotr,Kamiński,987,4.60
Agnieszka,Lewandowska,5432,2.90
Marcin,Dąbrowski,9876,3.00
Monika,Zielińska,9312,2.30
Tomasz,Szymański,1756,4.80
Magdalena,Woźniak,1098,3.70
